{"cameraMode":{"drawMode":0,"name":"Shaded","section":"Shading Mode"},"sceneLighting":false,"audioPlay":false,"sceneViewState":{"m_AlwaysRefresh":false,"showFog":true,"showSkybox":false,"showFlares":true,"showImageEffects":true,"showParticleSystems":true,"showVisualEffectGraphs":true,"m_FxEnabled":true},"in2DMode":false,"pivot":{"x":-0.0014949813485145569,"y":0.3127942979335785,"z":-0.008610010147094727},"rotation":{"x":0.0018510749796405435,"y":0.9984841346740723,"z":-0.04526738077402115,"w":0.03715158998966217},"size":0.36412444710731509,"orthographic":false}